"","id","original_season_id","name"
"1","Q100","F10S01","Akashia"
"2","Q101","F10S01","BeBe Zahara Benet"
"3","Q102","F10S01","Jade"
"4","Q103","F10S01","Nina Flowers"
"5","Q104","F10S01","Ongina"
"6","Q105","F10S01","Rebecca Glasscock"
"7","Q106","F10S01","Shannel"
"8","Q107","F10S01","Tammie Brown"
"9","Q108","F10S01","Victoria ""Porkchop"" Parker"
"10","Q109","F10S02","Jessica Wild"
"11","Q110","F10S02","Jujubee"
"12","Q111","F10S02","Morgan McMichaels"
"13","Q112","F10S02","Mystique Summers Madison"
"14","Q113","F10S02","Nicole Paige Brooks"
"15","Q114","F10S02","Pandora Boxx"
"16","Q115","F10S02","Raven"
"17","Q116","F10S02","Sahara Davenport"
"18","Q117","F10S02","Shangela"
"19","Q118","F10S02","Shangela Laquifa Wadley"
"20","Q119","F10S02","Tatianna"
"21","Q120","F10S02","Tyra Sanchez"
"22","Q121","F10S03","Alexis Mateo"
"23","Q122","F10S03","Carmen Carrera"
"24","Q123","F10S03","Delta Work"
"25","Q124","F10S03","India Ferrah"
"26","Q125","F10S03","Manila Luzon"
"27","Q126","F10S03","Mariah"
"28","Q127","F10S03","Mimi Imfurst"
"29","Q128","F10S03","Phoenix"
"30","Q129","F10S03","Raja"
"31","Q130","F10S03","Stacy Layne Matthews"
"32","Q131","F10S03","Venus D-Lite"
"33","Q132","F10S03","Yara Sofia"
"34","Q133","F10S04","Alisa Summers"
"35","Q134","F10S04","Chad Michaels"
"36","Q135","F10S04","DiDa Ritz"
"37","Q136","F10S04","Jiggly Caliente"
"38","Q137","F10S04","Kenya Michaels"
"39","Q138","F10S04","Lashauwn Beyond"
"40","Q139","F10S04","Latrice Royale"
"41","Q140","F10S04","Madame LaQueer"
"42","Q141","F10S04","Milan"
"43","Q142","F10S04","Phi Phi O'Hara"
"44","Q143","F10S04","Sharon Needles"
"45","Q144","F10S04","The Princess"
"46","Q145","F10S04","Willam"
"47","Q146","F10S05","Alaska"
"48","Q147","F10S05","Alyssa Edwards"
"49","Q148","F10S05","Coco Montrese"
"50","Q149","F10S05","Detox"
"51","Q150","F10S05","Honey Mahogany"
"52","Q151","F10S05","Ivy Winters"
"53","Q152","F10S05","Jade Jolie"
"54","Q153","F10S05","Jinkx Monsoon"
"55","Q154","F10S05","Lineysha Sparx"
"56","Q155","F10S05","Monica Beverly Hillz"
"57","Q156","F10S05","Penny Tration"
"58","Q157","F10S05","Roxxxy Andrews"
"59","Q158","F10S05","Serena ChaCha"
"60","Q159","F10S05","Vivienne Pinay"
"61","Q160","F10S06","Adore Delano"
"62","Q161","F10S06","April Carrión"
"63","Q162","F10S06","Ben De La Creme"
"64","Q163","F10S06","Bianca Del Rio"
"65","Q164","F10S06","Courtney Act"
"66","Q165","F10S06","Darienne Lake"
"67","Q166","F10S06","Gia Gunn"
"68","Q167","F10S06","Joslyn Fox"
"69","Q168","F10S06","Kelly Mantle"
"70","Q169","F10S06","Laganja Estranja"
"71","Q170","F10S06","Magnolia Crawford"
"72","Q171","F10S06","Milk"
"73","Q172","F10S06","Trinity K. Bonet"
"74","Q173","F10S06","Vivacious"
"75","Q174","F10S07","Ginger Minj"
"76","Q175","F10S07","Jaidynn Diore Fierce"
"77","Q176","F10S07","Jasmine Masters"
"78","Q177","F10S07","Kandy Ho"
"79","Q178","F10S07","Katya"
"80","Q179","F10S07","Kennedy Davenport"
"81","Q180","F10S07","Max"
"82","Q181","F10S07","Miss Fame"
"83","Q182","F10S07","Mrs. Kasha Davis"
"84","Q183","F10S07","Pearl"
"85","Q184","F10S07","Sasha Belle"
"86","Q185","F10S07","Tempest DuJour"
"87","Q186","F10S07","Trixie Mattel"
"88","Q187","F10S07","Violet Chachki"
"89","Q188","F10S08","Acid Betty"
"90","Q189","F10S08","Bob the Drag Queen"
"91","Q190","F10S08","Chi Chi DeVayne"
"92","Q191","F10S08","Cynthia Lee Fontaine"
"93","Q192","F10S08","Dax ExclamationPoint"
"94","Q193","F10S08","Derrick Barry"
"95","Q194","F10S08","Kim Chi"
"96","Q195","F10S08","Laila McQueen"
"97","Q196","F10S08","Naomi Smalls"
"98","Q197","F10S08","Naysha Lopez"
"99","Q198","F10S08","Robbie Turner"
"100","Q199","F10S08","Thorgy Thor"
"101","Q200","F10S09","Aja"
"102","Q201","F10S09","Alexis Michelle"
"103","Q202","F10S09","Charlie Hides"
"104","Q203","F10S09","Eureka"
"105","Q204","F10S09","Farrah Moan"
"106","Q205","F10S09","Jaymes Mansfield"
"107","Q206","F10S09","Nina Bo'nina Brown"
"108","Q207","F10S09","Peppermint"
"109","Q208","F10S09","Sasha Velour"
"110","Q209","F10S09","Shea Couleé"
"111","Q210","F10S09","Trinity Taylor"
"112","Q211","F10S09","Trinity the Tuck"
"113","Q212","F10S09","Valentina"
"114","Q213","F12S01","Amadiva"
"115","Q214","F12S01","Année Maywong"
"116","Q215","F12S01","B Ella"
"117","Q216","F12S01","Bunny Be Fly"
"118","Q217","F12S01","Dearis Doll"
"119","Q218","F12S01","JAJA"
"120","Q219","F12S01","Meannie Minaj"
"121","Q220","F12S01","Morrigan"
"122","Q221","F12S01","Natalia Pliacam"
"123","Q222","F12S01","Petchra"
"124","Q223","F10S10","Aquaria"
"125","Q224","F10S10","Asia O'Hara"
"126","Q225","F10S10","Blair St. Clair"
"127","Q226","F10S10","Dusty Ray Bottoms"
"128","Q227","F10S10","Kalorie Karbdashian Williams"
"129","Q228","F10S10","Kameron Michaels"
"130","Q229","F10S10","Mayhem Miller"
"131","Q230","F10S10","Miz Cracker"
"132","Q231","F10S10","Monét X Change"
"133","Q232","F10S10","Monique Heart"
"134","Q233","F10S10","The Vixen"
"135","Q234","F10S10","Vanessa Vanjie Mateo"
"136","Q235","F10S10","Yuhua Hamasaki"
"137","Q236","F12S02","Angele Anang"
"138","Q237","F12S02","Bandit"
"139","Q238","F12S02","Genie"
"140","Q239","F12S02","Kana Warrior"
"141","Q240","F12S02","Kandy Zyanide"
"142","Q241","F12S02","Katy Killer"
"143","Q242","F12S02","M Stranger Fox"
"144","Q243","F12S02","Maya B'Haro"
"145","Q244","F12S02","Miss Gimhuay"
"146","Q245","F12S02","Mocha Diva"
"147","Q246","F12S02","Silver Sonic"
"148","Q247","F12S02","Srimala"
"149","Q248","F12S02","Tormai"
"150","Q249","F12S02","Vanda Miss Joaquim"
"151","Q250","F10S11","A'keria C. Davenport"
"152","Q251","F10S11","Ariel Versace"
"153","Q252","F10S11","Brooke Lynn Hytes"
"154","Q253","F10S11","Honey Davenport"
"155","Q254","F10S11","Kahanna Montrese"
"156","Q255","F10S11","Mercedes Iman Diamond"
"157","Q256","F10S11","Nina West"
"158","Q257","F10S11","Plastique Tiara"
"159","Q258","F10S11","Ra'Jah O'Hara"
"160","Q259","F10S11","Scarlet Envy"
"161","Q260","F10S11","Shuga Cain"
"162","Q261","F10S11","Silky Nutmeg Ganache"
"163","Q262","F10S11","Soju"
"164","Q263","F10S11","Yvie Oddly"
"165","Q264","F13S01","Baga Chipz"
"166","Q265","F13S01","Blu Hydrangea"
"167","Q266","F13S01","Cheryl Hole"
"168","Q267","F13S01","Crystal"
"169","Q268","F13S01","Divina de Campo"
"170","Q269","F13S01","Gothy Kendoll"
"171","Q270","F13S01","Scaredy Kat"
"172","Q271","F13S01","Sum Ting Wong"
"173","Q272","F13S01","The Vivienne"
"174","Q273","F13S01","Vinegar Strokes"
"175","Q274","F10S12","Aiden Zhane"
"176","Q275","F10S12","Brita"
"177","Q276","F10S12","Crystal Methyd"
"178","Q277","F10S12","Dahlia Sin"
"179","Q278","F10S12","Gigi Goode"
"180","Q279","F10S12","Heidi N Closet"
"181","Q280","F10S12","Jackie Cox"
"182","Q281","F10S12","Jaida Essence Hall"
"183","Q282","F10S12","Jan"
"184","Q283","F10S12","Nicky Doll"
"185","Q284","F10S12","Rock M. Sakura"
"186","Q285","F10S12","Sherry Pie"
"187","Q286","F10S12","Widow Von'Du"
"188","Q287","F11S05","Mariah Paris Balenciaga"
"189","Q288","F14S01","Anastarzia Anaquway"
"190","Q289","F14S01","BOA"
"191","Q290","F14S01","Ilona Verley"
"192","Q291","F14S01","Jimbo"
"193","Q292","F14S01","Juice Boxx"
"194","Q293","F14S01","Kiara"
"195","Q294","F14S01","Kyne"
"196","Q295","F14S01","Lemon"
"197","Q296","F14S01","Priyanka"
"198","Q297","F14S01","Rita Baga"
"199","Q298","F14S01","Scarlett BoBo"
"200","Q299","F14S01","Tynomi Banks"
"201","Q300","F15S01","Chelsea Boy"
"202","Q301","F15S01","Envy Peru"
"203","Q302","F15S01","Janey Jacké"
"204","Q303","F15S01","Ma'Ma Queen"
"205","Q304","F15S01","Madame Madness"
"206","Q305","F15S01","Megan Schoonbrood"
"207","Q306","F15S01","Miss Abby OMG"
"208","Q307","F15S01","Patty Pam-Pam"
"209","Q308","F15S01","Roem"
"210","Q309","F15S01","Sederginne"
"211","Q310","F10S13","Denali"
"212","Q311","F10S13","Elliott with 2 Ts"
"213","Q312","F10S13","Gottmik"
"214","Q313","F10S13","Joey Jay"
"215","Q314","F10S13","Kahmora Hall"
"216","Q315","F10S13","Kandy Muse"
"217","Q316","F10S13","LaLa Ri"
"218","Q317","F10S13","Olivia Lux"
"219","Q318","F10S13","Rosé"
"220","Q319","F10S13","Symone"
"221","Q320","F10S13","Tamisha Iman"
"222","Q321","F10S13","Tina Burner"
"223","Q322","F10S13","Utica Queen"
"224","Q323","F13S02","A'Whora"
"225","Q324","F13S02","Asttina Mandella"
"226","Q325","F13S02","Bimini Bon-Boulash"
"227","Q326","F13S02","Cherry Valentine"
"228","Q327","F13S02","Ellie Diamond"
"229","Q328","F13S02","Ginny Lemon"
"230","Q329","F13S02","Joe Black"
"231","Q330","F13S02","Lawrence Chaney"
"232","Q331","F13S02","Sister Sister"
"233","Q332","F13S02","Tayce"
"234","Q333","F13S02","Tia Kofi"
"235","Q334","F13S02","Veronica Green"
"236","Q335","F16S01","Anita Wigl'it"
"237","Q336","F16S01","Art Simone"
"238","Q337","F16S01","Coco Jumbo"
"239","Q338","F16S01","Elektra Shock"
"240","Q339","F16S01","Etcetera Etcetera"
"241","Q340","F16S01","Jojo Zaho"
"242","Q341","F16S01","Karen from Finance"
"243","Q342","F16S01","Kita Mean"
"244","Q343","F16S01","Maxi Shield"
"245","Q344","F16S01","Scarlet Adams"
"246","Q345","F17S01","Arantxa Castilla La Mancha"
"247","Q346","F17S01","Carmen Farala"
"248","Q347","F17S01","Dovima Nurmi"
"249","Q348","F17S01","Drag Vulcano"
"250","Q349","F17S01","Hugáceo Crujiente"
"251","Q350","F17S01","Inti"
"252","Q351","F17S01","Killer Queen"
"253","Q352","F17S01","Pupi Poisson"
"254","Q353","F17S01","Sagittaria"
"255","Q354","F17S01","The Macarena"
"256","Q355","F11S06","Kylie Sonique Love"
"257","Q356","F13S03","Anubis"
"258","Q357","F13S03","Charity Kase"
"259","Q358","F13S03","Choriza May"
"260","Q359","F13S03","Elektra Fence"
"261","Q360","F13S03","Ella Vaday"
"262","Q361","F13S03","Kitty Scott-Claus"
"263","Q362","F13S03","Krystal Versace"
"264","Q363","F13S03","River Medway"
"265","Q364","F13S03","Scarlett Harlett"
"266","Q365","F13S03","Vanity Milan"
"267","Q366","F13S03","Victoria Scone"
"268","Q367","F18S01","Ava Hangar"
"269","Q368","F18S01","Divinity"
"270","Q369","F18S01","Elecktra Bionic"
"271","Q370","F18S01","Enorma Jean"
"272","Q371","F18S01","Farida Kant"
"273","Q372","F18S01","Ivana Vamp"
"274","Q373","F18S01","Le Riche"
"275","Q374","F18S01","Luquisha Lubamba"
"276","Q375","F10S14","Alyssa Hunter"
"277","Q376","F10S14","Angeria Paris VanMicheals"
"278","Q377","F10S14","Bosco"
"279","Q378","F10S14","Daya Betty"
"280","Q379","F10S14","DeJa Skye"
"281","Q380","F10S14","Jasmine Kennedie"
"282","Q381","F10S14","Jorgeous"
"283","Q382","F10S14","June Jambalaya"
"284","Q383","F10S14","Kerri Colby"
"285","Q384","F10S14","Kornbread ""The Snack"" Jeté"
"286","Q385","F10S14","Lady Camden"
"287","Q386","F10S14","Maddy Morphosis"
"288","Q387","F10S14","Orion Story"
"289","Q388","F10S14","Willow Pill"
"290","Q389","F17S02","Ariel Rec"
"291","Q390","F17S02","Diamante Merybrown"
"292","Q391","F17S02","Drag Sethlas"
"293","Q392","F17S02","Estrella Xtravaganza"
"294","Q393","F17S02","Jota Carajota"
"295","Q394","F17S02","Juriji Der Klee"
"296","Q395","F17S02","Marina"
"297","Q396","F17S02","Marisa Prisa"
"298","Q397","F17S02","Onyx"
"299","Q398","F17S02","Samantha Ballentines"
"300","Q399","F17S02","Sharonne"
"301","Q400","F17S02","Venedita Von Däsh"
