id,name,original_season_id,link_image
Q469,Aubrey Haive,F17S02,https://static.wikia.nocookie.net/logosrupaulsdragrace/images/0/00/AubreyHaiveDRDU2CastMug.png
Q148,Coco Montrese,F10S05,https://static.wikia.nocookie.net/logosrupaulsdragrace/images/0/00/CocoMontreseS5CastMug.jpg
Q172,Trinity K. Bonet,F10S06,https://static.wikia.nocookie.net/logosrupaulsdragrace/images/0/00/TrinityKBonetS6CastMug.png
Q435,Diamante Merybrown,F18S02,https://static.wikia.nocookie.net/logosrupaulsdragrace/images/0/01/DiamanteMerybrownDRE2CastMug.jpg
Q137,Kenya Michaels,F10S04,https://static.wikia.nocookie.net/logosrupaulsdragrace/images/0/01/KenyaMichaelsS4CastMug.jpg
Q286,Soju,F10S11,https://static.wikia.nocookie.net/logosrupaulsdragrace/images/0/02/SojuS11CastMug.jpg
Q323,Chelsea Boy,F16S01,https://static.wikia.nocookie.net/logosrupaulsdragrace/images/0/04/ChelseaBoyDRH1CastMug.jpg
Q140,Madame LaQueer,F10S04,https://static.wikia.nocookie.net/logosrupaulsdragrace/images/0/04/MadameLaQueerS4CastMug.jpg
Q325,Janey Jacké,F16S01,https://static.wikia.nocookie.net/logosrupaulsdragrace/images/0/05/JaneyJack%C3%A9DRH1CastMug.jpg
Q312,BOA,F15S01,https://static.wikia.nocookie.net/logosrupaulsdragrace/images/0/06/BOACDR1CastMug.jpeg
Q124,India Ferrah,F10S03,https://static.wikia.nocookie.net/logosrupaulsdragrace/images/0/06/IndiaFerrahS3CastMug.jpeg
Q110,Jujubee,F10S02,https://static.wikia.nocookie.net/logosrupaulsdragrace/images/0/06/JujubeeS2CastMug.png
Q251,Vanessa Vanjie Mateo,F10S10,https://static.wikia.nocookie.net/logosrupaulsdragrace/images/0/06/VanessaVanjieMateoS10CastMug.jpg
Q201,Sofía Camará,F12S01,https://static.wikia.nocookie.net/logosrupaulsdragrace/images/0/07/Sof%C3%ADaCamar%C3%A1TSDR1CastMug.png
Q241,Asia O'Hara,F10S10,https://static.wikia.nocookie.net/logosrupaulsdragrace/images/0/09/AsiaO%27HaraS10CastMug.jpg
Q411,Ava Hangar,F19S01,https://static.wikia.nocookie.net/logosrupaulsdragrace/images/0/0a/AvaHangarDRI1CastMug.jpg
Q410,Synthia Kiss,F15S02,https://static.wikia.nocookie.net/logosrupaulsdragrace/images/0/0a/SynthiaKissCDR2CastMug.jpg
Q205,Acid Betty,F10S08,https://static.wikia.nocookie.net/logosrupaulsdragrace/images/0/0b/AcidBettyS8CastMug.jpg
Q334,Elliott with 2 Ts,F10S13,https://static.wikia.nocookie.net/logosrupaulsdragrace/images/0/0b/ElliottWith2T%27sS13CastMug.jpg
Q424,Jasmine Kennedie,F10S14,https://static.wikia.nocookie.net/logosrupaulsdragrace/images/0/0c/JasmineKennedieS14CastMug.jpg
Q384,Tabitha,F16S02,https://static.wikia.nocookie.net/logosrupaulsdragrace/images/0/0c/TabithaDRH2CastMug.png
Q254,Francisca Del Solar,F12S02,https://static.wikia.nocookie.net/logosrupaulsdragrace/images/0/0d/FranciscaSolarTSDR2CastMug.png
Q473,Kween Kong,F17S02,https://static.wikia.nocookie.net/logosrupaulsdragrace/images/0/0d/KweenKongDRDU2CastMug.png
Q476,Pomara Fifth,F17S02,https://static.wikia.nocookie.net/logosrupaulsdragrace/images/0/0d/PomaraFifthDRDU2CastMug.png
Q203,Yoyi,F12S01,https://static.wikia.nocookie.net/logosrupaulsdragrace/images/0/0e/YoyiTSDR1CastMug.png
Q407,Pythia,F15S02,https://static.wikia.nocookie.net/logosrupaulsdragrace/images/1/12/PythiaCDR2CastMug.jpg
Q213,Naomi Smalls,F10S08,https://static.wikia.nocookie.net/logosrupaulsdragrace/images/1/13/NaomiSmallsS8CastMug.jpg
Q244,Kalorie Karbdashian Williams,F10S10,https://static.wikia.nocookie.net/logosrupaulsdragrace/images/1/15/KalorieKarbdashianWilliamsS10CastMug.jpg
Q353,Lawrence Chaney,F14S02,https://static.wikia.nocookie.net/logosrupaulsdragrace/images/1/15/LawrenceChaneyDRUK2CastMug.jpg
Q478,Yuri Guaii,F17S02,https://static.wikia.nocookie.net/logosrupaulsdragrace/images/1/16/YuriGuaiiDRDU2CastMug.png
Q176,Jasmine Masters,F10S07,https://static.wikia.nocookie.net/logosrupaulsdragrace/images/1/19/JasmineMastersS7CastMug.png
Q475,Molly Poppinz,F17S02,https://static.wikia.nocookie.net/logosrupaulsdragrace/images/1/19/MollyPoppinzDRDU2CastMug.png
Q206,Bob the Drag Queen,F10S08,https://static.wikia.nocookie.net/logosrupaulsdragrace/images/1/1a/BobTheDragQueenS8CastMug.jpg
Q221,Farrah Moan,F10S09,https://static.wikia.nocookie.net/logosrupaulsdragrace/images/1/1a/FarrahMoanS9CastMug.jpg
Q321,Scarlett BoBo,F15S01,https://static.wikia.nocookie.net/logosrupaulsdragrace/images/1/1a/ScarlettBoBoCDR1CastMug.jpeg
Q386,Vanessa Van Cartier,F16S02,https://static.wikia.nocookie.net/logosrupaulsdragrace/images/1/1a/VanessaVanCartierDRH2CastMug.png
Q359,Art Simone,F17S01,https://static.wikia.nocookie.net/logosrupaulsdragrace/images/1/1b/ArtSimoneDRDU1CastMug.jpg
Q191,Elizabeth San Martín,F12S01,https://static.wikia.nocookie.net/logosrupaulsdragrace/images/1/1b/ElizabethSanMart%C3%ADnTSDR1CastMug.png
Q291,Crystal,F14S01,https://static.wikia.nocookie.net/logosrupaulsdragrace/images/1/1d/CrystalDRUK1CastMug.jpg
Q174,Ginger Minj,F10S07,https://static.wikia.nocookie.net/logosrupaulsdragrace/images/1/1d/GingerMinjS7CastMug.png
Q395,River Medway,F14S03,https://static.wikia.nocookie.net/logosrupaulsdragrace/images/1/1d/RiverMedwayDRUK3CastMug.jpg
Q219,Charlie Hides,F10S09,https://static.wikia.nocookie.net/logosrupaulsdragrace/images/1/1f/CharlieHidesS9CastMug.jpg
Q404,Kendall Gender,F15S02,https://static.wikia.nocookie.net/logosrupaulsdragrace/images/1/1f/KendallGenderCDR2CastMug.jpg
Q173,Vivacious,F10S06,https://static.wikia.nocookie.net/logosrupaulsdragrace/images/1/1f/VivaciousS6CastMug.png
Q126,Mariah,F10S03,https://static.wikia.nocookie.net/logosrupaulsdragrace/images/2/20/MariahParisBalenciagaS3CastMug.jpeg
Q346,A'Whora,F14S02,https://static.wikia.nocookie.net/logosrupaulsdragrace/images/2/21/A%27WhoraDRUK2CastMug.jpg
Q184,Sasha Belle,F10S07,https://static.wikia.nocookie.net/logosrupaulsdragrace/images/2/21/SashaBelleS7CastMug.png
Q397,Vanity Milan,F14S03,https://static.wikia.nocookie.net/logosrupaulsdragrace/images/2/22/VanityMilanDRUK3CastMug.jpg
Q178,Katya,F10S07,https://static.wikia.nocookie.net/logosrupaulsdragrace/images/2/23/KatyaS7CastMug.png
Q328,Megan Schoonbrood,F16S01,https://static.wikia.nocookie.net/logosrupaulsdragrace/images/2/23/MeganSchoonbroodDRH1CastMug.jpg
Q225,Peppermint,F10S09,https://static.wikia.nocookie.net/logosrupaulsdragrace/images/2/25/PeppermintS9CastMug.jpg
Q297,Aiden Zhane,F10S12,https://static.wikia.nocookie.net/logosrupaulsdragrace/images/2/26/AidenZhaneS12CastMug.png
Q294,Scaredy Kat,F14S01,https://static.wikia.nocookie.net/logosrupaulsdragrace/images/2/26/ScaredyKatDRUK1CastMug.jpg
Q180,Max,F10S07,https://static.wikia.nocookie.net/logosrupaulsdragrace/images/2/27/MaxS7CastMug.png
Q216,Thorgy Thor,F10S08,https://static.wikia.nocookie.net/logosrupaulsdragrace/images/2/27/ThorgyThorS8CastMug.jpg
Q272,Tormai,F13S02,https://static.wikia.nocookie.net/logosrupaulsdragrace/images/2/27/TormaiDRT2CastMug.png
Q208,Cynthia Lee Fontaine,F10S08,https://static.wikia.nocookie.net/logosrupaulsdragrace/images/2/28/CynthiaLeeFontaineS8CastMug.jpg
Q207,Chi Chi DeVayne,F10S08,https://static.wikia.nocookie.net/logosrupaulsdragrace/images/2/2a/ChiChiDeVayneS8CastMug.jpg
Q166,Gia Gunn,F10S06,https://static.wikia.nocookie.net/logosrupaulsdragrace/images/2/2a/GiaGunnS6CastMug.png
Q194,Jessica Parker,F12S01,https://static.wikia.nocookie.net/logosrupaulsdragrace/images/2/2a/JessicaParkerTSDR1CastMug.png
Q227,Shea Couleé,F10S09,https://static.wikia.nocookie.net/logosrupaulsdragrace/images/2/2a/SheaCoule%C3%A9S9CastMug.jpg
Q269,Mocha Diva,F13S02,https://static.wikia.nocookie.net/logosrupaulsdragrace/images/2/2b/MochaDivaDRT2CastMug.png
Q233,Bunny Be Fly,F13S01,https://static.wikia.nocookie.net/logosrupaulsdragrace/images/2/2c/BunnyBeFlyDRT1CastMug.png
Q259,Rochelle Mon Chéri,F12S02,https://static.wikia.nocookie.net/logosrupaulsdragrace/images/2/2d/RochelleMonCh%C3%A9riTSDR2CastMug.png
Q155,Monica Beverly Hillz,F10S05,https://static.wikia.nocookie.net/logosrupaulsdragrace/images/2/2e/MonicaBeverlyHillzS5CastMug.jpg
Q230,Amadiva,F13S01,https://static.wikia.nocookie.net/logosrupaulsdragrace/images/2/2f/AmadivaDRT1CastMug.png
Q427,Kerri Colby,F10S14,https://static.wikia.nocookie.net/logosrupaulsdragrace/images/3/30/KerriColbyS14CastMug.jpg
Q350,Ellie Diamond,F14S02,https://static.wikia.nocookie.net/logosrupaulsdragrace/images/3/33/EllieDiamondDRUK2CastMug.jpg
Q373,Inti,F18S01,https://static.wikia.nocookie.net/logosrupaulsdragrace/images/3/33/IntiDRE1CastMug.jpeg
Q375,Pupi Poisson,F18S01,https://static.wikia.nocookie.net/logosrupaulsdragrace/images/3/33/PupiPoissonDRE1CastMug.jpeg
Q456,Soa de Muse,F21S01,https://static.wikia.nocookie.net/logosrupaulsdragrace/images/3/33/SoadeMuseDRF1CastMug.jpg
Q459,Gisèle Lullaby,F15S03,https://static.wikia.nocookie.net/logosrupaulsdragrace/images/3/34/Gis%C3%A8leLullabyCDR3CastMug.jpg
Q343,Tamisha Iman,F10S13,https://static.wikia.nocookie.net/logosrupaulsdragrace/images/3/35/TamishaImanS13CastMug.jpg
Q333,Denali,F10S13,https://static.wikia.nocookie.net/logosrupaulsdragrace/images/3/36/DenaliS13CastMug.jpg
Q452,La Kahena,F21S01,https://static.wikia.nocookie.net/logosrupaulsdragrace/images/3/37/LaKahenaDRF1CastMug.jpg
Q232,B Ella,F13S01,https://static.wikia.nocookie.net/logosrupaulsdragrace/images/3/38/BEllaDRT1CastMug.png
Q439,Juriji Der Klee,F18S02,https://static.wikia.nocookie.net/logosrupaulsdragrace/images/3/38/JurijiDerKleeDRE2CastMug.jpg
Q327,Madame Madness,F16S01,https://static.wikia.nocookie.net/logosrupaulsdragrace/images/3/38/MadameMadnessDRH1CastMug.jpg
Q223,Kimora Blac,F10S09,https://static.wikia.nocookie.net/logosrupaulsdragrace/images/3/39/KimoraBlacS9CastMug.jpg
Q274,A'keria C. Davenport,F10S11,https://static.wikia.nocookie.net/logosrupaulsdragrace/images/3/3a/A%27keriaCDavenportS11CastMug.jpg
Q226,Sasha Velour,F10S09,https://static.wikia.nocookie.net/logosrupaulsdragrace/images/3/3a/SashaVelourS9CastMug.jpg
Q283,Scarlet Envy,F10S11,https://static.wikia.nocookie.net/logosrupaulsdragrace/images/3/3b/ScarletEnvyS11CastMug.jpg
Q348,Bimini Bon-Boulash,F14S02,https://static.wikia.nocookie.net/logosrupaulsdragrace/images/3/3c/BiminiBonBoulashDRUK2CastMug.jpg
Q426,June Jambalaya,F10S14,https://static.wikia.nocookie.net/logosrupaulsdragrace/images/3/3c/JuneJambalayaS14CastMug.jpg
Q441,Marisa Prisa,F18S02,https://static.wikia.nocookie.net/logosrupaulsdragrace/images/3/3c/MarisaPrisaDRE2CastMug.jpg
Q287,Yvie Oddly,F10S11,https://static.wikia.nocookie.net/logosrupaulsdragrace/images/3/3c/YvieOddlyS11CastMug.jpg
Q446,The Vivienne,F11S07,https://static.wikia.nocookie.net/logosrupaulsdragrace/images/3/3d/TheVivienneAS7CastMug.jpeg
Q398,Victoria Scone,F14S03,https://static.wikia.nocookie.net/logosrupaulsdragrace/images/3/3d/VictoriaSconeDRUK3CastMug.jpg
Q309,Widow Von'Du,F10S12,https://static.wikia.nocookie.net/logosrupaulsdragrace/images/3/3d/WidowVon%27DuS12CastMug.png
Q298,Brita,F10S12,https://static.wikia.nocookie.net/logosrupaulsdragrace/images/3/3e/BritaS12CastMug.png
Q236,Meannie Minaj,F13S01,https://static.wikia.nocookie.net/logosrupaulsdragrace/images/3/3f/MeannieMinajDRT1CastMug.png
Q258,Pavel Arámbula,F12S02,https://static.wikia.nocookie.net/logosrupaulsdragrace/images/3/3f/PavelAr%C3%A1mbulaTSDR2CastMug.png
Q101,BeBe Zahara Benet,F10S01,https://static.wikia.nocookie.net/logosrupaulsdragrace/images/4/40/BeBeZaharaBenetS1CastMug.png
Q238,Natalia Pliacam,F13S01,https://static.wikia.nocookie.net/logosrupaulsdragrace/images/4/40/NataliaPliacamDRT1CastMug.png
Q391,Elektra Fence,F14S03,https://static.wikia.nocookie.net/logosrupaulsdragrace/images/4/41/ElektraFenceDRUK3CastMug.jpg
Q275,Ariel Versace,F10S11,https://static.wikia.nocookie.net/logosrupaulsdragrace/images/4/42/ArielVersaceS11CastMug.jpg
Q170,Magnolia Crawford,F10S06,https://static.wikia.nocookie.net/logosrupaulsdragrace/images/4/43/MagnoliaCrawfordS6CastMug.png
Q464,Kimmy Couture,F15S03,https://static.wikia.nocookie.net/logosrupaulsdragrace/images/4/44/KimmyCoutureCDR3CastMug.jpg
Q128,Phoenix,F10S03,https://static.wikia.nocookie.net/logosrupaulsdragrace/images/4/44/PhoenixS3CastMug.jpeg
Q281,Plastique Tiara,F10S11,https://static.wikia.nocookie.net/logosrupaulsdragrace/images/4/44/PlastiqueTiaraS11CastMug.jpg
Q443,Samantha Ballentines,F18S02,https://static.wikia.nocookie.net/logosrupaulsdragrace/images/4/44/SamanthaBallentinesDRE2CastMug.jpg
Q344,Tina Burner,F10S13,https://static.wikia.nocookie.net/logosrupaulsdragrace/images/4/44/TinaBurnerS13CastMug.jpg
Q399,Adriana,F15S02,https://static.wikia.nocookie.net/logosrupaulsdragrace/images/4/45/AdrianaCDR2CastMug.jpg
Q147,Alyssa Edwards,F10S05,https://static.wikia.nocookie.net/logosrupaulsdragrace/images/4/45/AlyssaEdwardsS5CastMug.jpg
Q142,Phi Phi O'Hara,F10S04,https://static.wikia.nocookie.net/logosrupaulsdragrace/images/4/46/PhiPhiO%27HaraS4CastMug.jpg
Q387,Vivaldi,F16S02,https://static.wikia.nocookie.net/logosrupaulsdragrace/images/4/49/VivaldiDRH2CastMug.png
Q389,Charity Kase,F14S03,https://static.wikia.nocookie.net/logosrupaulsdragrace/images/4/4a/CharityKaseDRUK3CastMug.jpg
Q431,Orion Story,F10S14,https://static.wikia.nocookie.net/logosrupaulsdragrace/images/4/4a/OrionStoryS14CastMug.jpg
Q253,Diva Houston,F12S02,https://static.wikia.nocookie.net/logosrupaulsdragrace/images/4/4b/DivaHoustonTSDR2CastMug.png
Q401,Eve 6000,F15S02,https://static.wikia.nocookie.net/logosrupaulsdragrace/images/4/4b/Eve6000CDR2CastMug.jpg
Q218,Alexis Michelle,F10S09,https://static.wikia.nocookie.net/logosrupaulsdragrace/images/4/4c/AlexisMichelleS9CastMug.jpg
Q383,Reggy B,F16S02,https://static.wikia.nocookie.net/logosrupaulsdragrace/images/4/4e/ReggyBDRH2CastMug.png
Q340,Olivia Lux,F10S13,https://static.wikia.nocookie.net/logosrupaulsdragrace/images/4/4f/OliviaLuxS13CastMug.jpg
Q175,Jaidynn Diore Fierce,F10S07,https://static.wikia.nocookie.net/logosrupaulsdragrace/images/5/50/JaidynnDioreFierceS7CastMug.png
Q255,Marie Laveau,F12S02,https://static.wikia.nocookie.net/logosrupaulsdragrace/images/5/50/MarieLaveauTSDR2CastMug.png
Q222,Jaymes Mansfield,F10S09,https://static.wikia.nocookie.net/logosrupaulsdragrace/images/5/53/JaymesMansfieldS9CastMug.jpg
Q130,Stacy Layne Matthews,F10S03,https://static.wikia.nocookie.net/logosrupaulsdragrace/images/5/53/StacyLayneMatthewsS3CastMug.jpeg
Q204,Yume Hime,F12S01,https://static.wikia.nocookie.net/logosrupaulsdragrace/images/5/53/YumeHimeTSDR1CastMug.png
Q188,Álvaro Lynch,F12S01,https://static.wikia.nocookie.net/logosrupaulsdragrace/images/5/55/%C3%81lvaroLynchTSDR1CastMug.png
Q403,Icesis Couture,F15S02,https://static.wikia.nocookie.net/logosrupaulsdragrace/images/5/55/IcesisCoutureCDR2CastMug.jpg
Q169,Laganja Estranja,F10S06,https://static.wikia.nocookie.net/logosrupaulsdragrace/images/5/55/LaganjaEstranjaS6CastMug.png
Q442,Onyx,F18S02,https://static.wikia.nocookie.net/logosrupaulsdragrace/images/5/55/OnyxDRE2CastMug.jpg
Q421,Bosco,F10S14,https://static.wikia.nocookie.net/logosrupaulsdragrace/images/5/56/BoscoS14CastMug.jpg
Q302,Heidi N Closet,F10S12,https://static.wikia.nocookie.net/logosrupaulsdragrace/images/5/56/HeidiNClosetS12CastMug.png
Q102,Jade,F10S01,https://static.wikia.nocookie.net/logosrupaulsdragrace/images/5/57/JadeSotomayorS1CastMug.png
Q378,Ivy-Elyse,F16S02,https://static.wikia.nocookie.net/logosrupaulsdragrace/images/5/58/Ivy-ElyseDRH2CastMug.png
Q385,The Countess,F16S02,https://static.wikia.nocookie.net/logosrupaulsdragrace/images/5/59/TheCountessDRH2CastMug.png
Q357,Veronica Green,F14S02,https://static.wikia.nocookie.net/logosrupaulsdragrace/images/5/59/VeronicaGreenDRUK2CastMug.jpg
Q413,Elecktra Bionic,F19S01,https://static.wikia.nocookie.net/logosrupaulsdragrace/images/5/5a/ElecktraBionicDRI1CastMug.jpg
Q211,Kim Chi,F10S08,https://static.wikia.nocookie.net/logosrupaulsdragrace/images/5/5b/KimChiS8CastMug.jpg
Q108,"Victoria ""Porkchop"" Parker",F10S01,https://static.wikia.nocookie.net/logosrupaulsdragrace/images/5/5c/VictoriaParkerS1CastMug.png
Q420,Angeria Paris VanMicheals,F10S14,https://static.wikia.nocookie.net/logosrupaulsdragrace/images/5/5e/AngeriaParisVanMichealsS14CastMug.jpg
Q285,Silky Nutmeg Ganache,F10S11,https://static.wikia.nocookie.net/logosrupaulsdragrace/images/5/5e/SilkyNutmegGanacheS11CastMug.jpg
Q306,Nicky Doll,F10S12,https://static.wikia.nocookie.net/logosrupaulsdragrace/images/5/5f/NickyDollS12CastMug.png
Q370,Dovima Nurmi,F18S01,https://static.wikia.nocookie.net/logosrupaulsdragrace/images/6/60/DovimaNurmiDRE1CastMug.jpeg
Q376,Sagittaria,F18S01,https://static.wikia.nocookie.net/logosrupaulsdragrace/images/6/60/SagittariaDRE1CastMug.jpeg
Q388,Anubis,F14S03,https://static.wikia.nocookie.net/logosrupaulsdragrace/images/6/61/AnubisDRUK3CastMug.jpg
Q165,Darienne Lake,F10S06,https://static.wikia.nocookie.net/logosrupaulsdragrace/images/6/61/DarienneLakeS6CastMug.png
Q252,Yuhua Hamasaki,F10S10,https://static.wikia.nocookie.net/logosrupaulsdragrace/images/6/62/YuhuaHamasakiS10CastMug.jpg
Q338,Kandy Muse,F10S13,https://static.wikia.nocookie.net/logosrupaulsdragrace/images/6/63/KandyMuseS13CastMug.jpg
Q354,Sister Sister,F14S02,https://static.wikia.nocookie.net/logosrupaulsdragrace/images/6/63/SisterSisterDRUK2CastMug.jpg
Q119,Tatianna,F10S02,https://static.wikia.nocookie.net/logosrupaulsdragrace/images/6/63/TatiannaS2CastMug.png
Q290,Cheryl Hole,F14S01,https://static.wikia.nocookie.net/logosrupaulsdragrace/images/6/64/CherylHoleDRUK1CastMug.jpg
Q396,Scarlett Harlett,F14S03,https://static.wikia.nocookie.net/logosrupaulsdragrace/images/6/64/ScarlettHarlettDRUK3CastMug.jpg
Q122,Carmen Carrera,F10S03,https://static.wikia.nocookie.net/logosrupaulsdragrace/images/6/66/CarmenCarreraS3CastMug.jpeg
Q127,Mimi Imfurst,F10S03,https://static.wikia.nocookie.net/logosrupaulsdragrace/images/6/66/MimiImfurstS3CastMug.jpeg
Q192,Fernanda Brown,F12S01,https://static.wikia.nocookie.net/logosrupaulsdragrace/images/6/67/FernandaBrownTSDR1CastMug.png
Q133,Alisa Summers,F10S04,https://static.wikia.nocookie.net/logosrupaulsdragrace/images/6/68/AlisaSummersS4CastMug.png
Q116,Raven,F10S02,https://static.wikia.nocookie.net/logosrupaulsdragrace/images/6/68/RavenS2CastMug.png
Q422,Daya Betty,F10S14,https://static.wikia.nocookie.net/logosrupaulsdragrace/images/6/69/DayaBettyS14CastMug.jpg
Q365,Kita Mean,F17S01,https://static.wikia.nocookie.net/logosrupaulsdragrace/images/6/69/KitaMeanDRDU1CastMug.jpg
Q300,Dahlia Sin,F10S12,https://static.wikia.nocookie.net/logosrupaulsdragrace/images/6/6a/DahliaSinS12CastMug.png
Q245,Kameron Michaels,F10S10,https://static.wikia.nocookie.net/logosrupaulsdragrace/images/6/6a/KameronMichaelsS10CastMug.jpg
Q358,Anita Wigl'it,F17S01,https://static.wikia.nocookie.net/logosrupaulsdragrace/images/6/6b/AnitaWigl%27itDRDU1CastMug.jpg
Q220,Eureka,F10S09,https://static.wikia.nocookie.net/logosrupaulsdragrace/images/6/6b/EurekaS9CastMug.jpg
Q313,Ilona Verley,F15S01,https://static.wikia.nocookie.net/logosrupaulsdragrace/images/6/6b/IlonaVerleyCDR1CastMug.jpg
Q352,Joe Black,F14S02,https://static.wikia.nocookie.net/logosrupaulsdragrace/images/6/6b/JoeBlackDRUK2CastMug.jpg
Q151,Ivy Winters,F10S05,https://static.wikia.nocookie.net/logosrupaulsdragrace/images/6/6c/IvyWintersS5CastMug.jpg
Q467,Miss Moço,F15S03,https://static.wikia.nocookie.net/logosrupaulsdragrace/images/6/6d/MissMo%C3%A7oCDR3CastMug.jpg
Q186,Trixie Mattel,F10S07,https://static.wikia.nocookie.net/logosrupaulsdragrace/images/6/6d/TrixieMattelS7CastMug.png
Q356,Tia Kofi,F14S02,https://static.wikia.nocookie.net/logosrupaulsdragrace/images/6/6e/TiaKofiDRUK2CastMug.jpg
Q471,Faúx Fúr,F17S02,https://static.wikia.nocookie.net/logosrupaulsdragrace/images/6/6f/Fa%C3%BAxF%C3%BArDRDU2CastMug.png
Q141,Milan,F10S04,https://static.wikia.nocookie.net/logosrupaulsdragrace/images/6/6f/MilanS4CastMug.jpg
Q256,Miss Leona,F12S02,https://static.wikia.nocookie.net/logosrupaulsdragrace/images/6/6f/MissLeonaTSDR2CastMug.png
Q103,Nina Flowers,F10S01,https://static.wikia.nocookie.net/logosrupaulsdragrace/images/6/6f/NinaFlowersS1CastMug.png
Q270,Silver Sonic,F13S02,https://static.wikia.nocookie.net/logosrupaulsdragrace/images/7/70/SilverSonicDRT2CastMug.png
Q451,La Grande Dame,F21S01,https://static.wikia.nocookie.net/logosrupaulsdragrace/images/7/71/LaGrandeDameDRF1CastMug.jpg
Q171,Milk,F10S06,https://static.wikia.nocookie.net/logosrupaulsdragrace/images/7/72/MilkS6CastMug.png
Q466,Miss Fiercalicious,F15S03,https://static.wikia.nocookie.net/logosrupaulsdragrace/images/7/72/MissFiercaliciousCDR3CastMug.jpg
Q341,Rosé,F10S13,https://static.wikia.nocookie.net/logosrupaulsdragrace/images/7/74/Ros%C3%A9S13CastMug.jpg
Q276,Brooke Lynn Hytes,F10S11,https://static.wikia.nocookie.net/logosrupaulsdragrace/images/7/75/BrookeLynnHytesS11CastMug.jpg
Q447,Elips,F21S01,https://static.wikia.nocookie.net/logosrupaulsdragrace/images/7/76/ElipsDRF1CastMug.jpg
Q112,Morgan McMichaels,F10S02,https://static.wikia.nocookie.net/logosrupaulsdragrace/images/7/76/MorganMcMichaelsS2CastMug.png
Q412,Divinity,F19S01,https://static.wikia.nocookie.net/logosrupaulsdragrace/images/7/78/DivinityDRI1CastMug.jpg
Q195,Laura Bell,F12S01,https://static.wikia.nocookie.net/logosrupaulsdragrace/images/7/78/LauraBellTSDR1CastMug.jpg
Q266,M Stranger Fox,F13S02,https://static.wikia.nocookie.net/logosrupaulsdragrace/images/7/78/MStrangerFoxDRT2CastMug.png
Q402,Gia Metric,F15S02,https://static.wikia.nocookie.net/logosrupaulsdragrace/images/7/79/GiaMetricCDR2CastMug.jpg
Q263,Kana Warrior,F13S02,https://static.wikia.nocookie.net/logosrupaulsdragrace/images/7/79/KanaWarriorDRT2CastMug.png
Q139,Latrice Royale,F10S04,https://static.wikia.nocookie.net/logosrupaulsdragrace/images/7/7a/LatriceRoyaleS4CastMug.jpg
Q377,The Macarena,F18S01,https://static.wikia.nocookie.net/logosrupaulsdragrace/images/7/7b/TheMacarenaDRE1CastMug.jpeg
Q202,Veneno,F12S01,https://static.wikia.nocookie.net/logosrupaulsdragrace/images/7/7b/VenenoTSDR1CastMug.png
Q361,Elektra Shock,F17S01,https://static.wikia.nocookie.net/logosrupaulsdragrace/images/7/7c/ElektraShockDRDU1CastMug.jpg
Q237,Morrigan,F13S01,https://static.wikia.nocookie.net/logosrupaulsdragrace/images/7/7c/MorriganDRT1CastMug.png
Q145,Willam,F10S04,https://static.wikia.nocookie.net/logosrupaulsdragrace/images/7/7c/WillamS4CastMug.jpg
Q342,Symone,F10S13,https://static.wikia.nocookie.net/logosrupaulsdragrace/images/7/7d/SymoneS13CastMug.jpg
Q351,Ginny Lemon,F14S02,https://static.wikia.nocookie.net/logosrupaulsdragrace/images/7/7e/GinnyLemonDRUK2CastMug.jpg
Q157,Roxxxy Andrews,F10S05,https://static.wikia.nocookie.net/logosrupaulsdragrace/images/7/7e/RoxxxyAndrewsS5CastMug.jpg
Q118,Shangela,F10S02,https://static.wikia.nocookie.net/logosrupaulsdragrace/images/7/7f/ShangelaS2CastMug.png
Q460,Halal Bae,F15S03,https://static.wikia.nocookie.net/logosrupaulsdragrace/images/8/80/HalalBaeCDR3CastMug.jpg
Q189,Arianda Sodi,F12S01,https://static.wikia.nocookie.net/logosrupaulsdragrace/images/8/81/AriandaSodiTSDR1CastMug.png
Q289,Blu Hydrangea,F14S01,https://static.wikia.nocookie.net/logosrupaulsdragrace/images/8/81/BluHydrangeaDRUK1CastMug.jpg
Q231,Année Maywong,F13S01,https://static.wikia.nocookie.net/logosrupaulsdragrace/images/8/83/Ann%C3%A9eMaywongDRT1CastMug.png
Q179,Kennedy Davenport,F10S07,https://static.wikia.nocookie.net/logosrupaulsdragrace/images/8/83/KennedyDavenportS7CastMug.png
Q229,Valentina,F10S09,https://static.wikia.nocookie.net/logosrupaulsdragrace/images/8/83/ValentinaS9CastMug.jpg
Q445,Venedita Von Däsh,F18S02,https://static.wikia.nocookie.net/logosrupaulsdragrace/images/8/83/VeneditaVonD%C3%A4shDRE2CastMug.jpg
Q414,Enorma Jean,F19S01,https://static.wikia.nocookie.net/logosrupaulsdragrace/images/8/86/EnormaJeanDRI1CastMug.jpg
Q364,Karen from Finance,F17S01,https://static.wikia.nocookie.net/logosrupaulsdragrace/images/8/86/KarenFromFinanceDRDU1CastMug.jpg
Q374,Killer Queen,F18S01,https://static.wikia.nocookie.net/logosrupaulsdragrace/images/8/86/KillerQueenDRE1CastMug.jpeg
Q316,Kiara,F15S01,https://static.wikia.nocookie.net/logosrupaulsdragrace/images/8/87/KiaraCDR1CastMug.jpg
Q372,Hugáceo Crujiente,F18S01,https://static.wikia.nocookie.net/logosrupaulsdragrace/images/8/88/Hug%C3%A1ceoCrujienteDRE1CastMug.jpeg
Q264,Kandy Zyanide,F13S02,https://static.wikia.nocookie.net/logosrupaulsdragrace/images/8/88/KandyZyanideDRT2CastMug.png
Q417,Le Riche,F19S01,https://static.wikia.nocookie.net/logosrupaulsdragrace/images/8/88/LeRicheDRI1CastMug.jpg
Q125,Manila Luzon,F10S03,https://static.wikia.nocookie.net/logosrupaulsdragrace/images/8/88/ManilaLuzonS3CastMug.jpeg
Q371,Drag Vulcano,F18S01,https://static.wikia.nocookie.net/logosrupaulsdragrace/images/8/8a/DragVulcanoDRE1CastMug.jpeg
Q209,Dax ExclamationPoint,F10S08,https://static.wikia.nocookie.net/logosrupaulsdragrace/images/8/8b/DaxExclamationPointS8CastMug.jpg
Q450,La Briochée,F21S01,https://static.wikia.nocookie.net/logosrupaulsdragrace/images/8/8b/LaBrioch%C3%A9eDRF1CastMug.jpg
Q131,Venus D-Lite,F10S03,https://static.wikia.nocookie.net/logosrupaulsdragrace/images/8/8b/VenusD-LiteS3CastMug.jpeg
Q324,Envy Peru,F16S01,https://static.wikia.nocookie.net/logosrupaulsdragrace/images/8/8c/EnvyPeruDRH1CastMug.jpg
Q278,Kahanna Montrese,F10S11,https://static.wikia.nocookie.net/logosrupaulsdragrace/images/8/8c/KahannaMontreseS11CastMug.jpg
Q197,Luz Violeta,F12S01,https://static.wikia.nocookie.net/logosrupaulsdragrace/images/8/8c/LuzVioletaTSDR1CastMug.jpg
Q279,Mercedes Iman Diamond,F10S11,https://static.wikia.nocookie.net/logosrupaulsdragrace/images/8/8c/MercedesImanDiamondS11CastMug.jpg
Q146,Alaska,F10S05,https://static.wikia.nocookie.net/logosrupaulsdragrace/images/8/8e/AlaskaS5CastMug.jpg
Q349,Cherry Valentine,F14S02,https://static.wikia.nocookie.net/logosrupaulsdragrace/images/8/8e/CherryValentineDRUK2CastMug.jpg
Q304,Jaida Essence Hall,F10S12,https://static.wikia.nocookie.net/logosrupaulsdragrace/images/8/8e/JaidaEssenceHallS12CastMug.png
Q437,Estrella Xtravaganza,F18S02,https://static.wikia.nocookie.net/logosrupaulsdragrace/images/9/90/EstrellaXtravaganzaDRE2CastMug.jpg
Q150,Honey Mahogany,F10S05,https://static.wikia.nocookie.net/logosrupaulsdragrace/images/9/90/HoneyMahoganyS5CastMug.jpg
Q182,Mrs. Kasha Davis,F10S07,https://static.wikia.nocookie.net/logosrupaulsdragrace/images/9/91/MrsKashaDavisS7CastMug.png
Q477,Spankie Jackzon,F17S02,https://static.wikia.nocookie.net/logosrupaulsdragrace/images/9/92/SpankieJackzonDRDU2CastMug.png
Q470,Beverly Kills,F17S02,https://static.wikia.nocookie.net/logosrupaulsdragrace/images/9/93/BeverlyKillsDRDU2CastMug.png
Q436,Drag Sethlas,F18S02,https://static.wikia.nocookie.net/logosrupaulsdragrace/images/9/94/DragSethlasDRE2CastMug.jpg
Q123,Delta Work,F10S03,https://static.wikia.nocookie.net/logosrupaulsdragrace/images/9/95/DeltaWorkS3CastMug.jpeg
Q181,Miss Fame,F10S07,https://static.wikia.nocookie.net/logosrupaulsdragrace/images/9/95/MissFameS7CastMug.png
Q149,Detox,F10S05,https://static.wikia.nocookie.net/logosrupaulsdragrace/images/9/96/DetoxS5CastMug.jpg
Q262,Genie,F13S02,https://static.wikia.nocookie.net/logosrupaulsdragrace/images/9/96/GenieDRT2CastMug.png
Q267,Maya B'Haro,F13S02,https://static.wikia.nocookie.net/logosrupaulsdragrace/images/9/96/MayaB%27HaroDRT2CastMug.png
Q246,Mayhem Miller,F10S10,https://static.wikia.nocookie.net/logosrupaulsdragrace/images/9/96/MayhemMillerS10CastMug.jpg
Q107,Tammie Brown,F10S01,https://static.wikia.nocookie.net/logosrupaulsdragrace/images/9/96/TammieBrownS1CastMug.png
Q280,Nina West,F10S11,https://static.wikia.nocookie.net/logosrupaulsdragrace/images/9/97/NinaWestS11CastMug.jpg
Q111,Kylie Sonique Love,F10S02,https://static.wikia.nocookie.net/logosrupaulsdragrace/images/9/97/SoniqueS2CastMug.png
Q261,Bandit,F13S02,https://static.wikia.nocookie.net/logosrupaulsdragrace/images/9/98/BanditDRT2CastMug.png
Q109,Jessica Wild,F10S02,https://static.wikia.nocookie.net/logosrupaulsdragrace/images/9/98/JessicaWildS2CastMug.png
Q418,Luquisha Lubamba,F19S01,https://static.wikia.nocookie.net/logosrupaulsdragrace/images/9/98/LuquishaLubambaDRI1CastMug.jpg
Q115,Pandora Boxx,F10S02,https://static.wikia.nocookie.net/logosrupaulsdragrace/images/9/98/PandoraBoxxS2CastMug.png
Q317,Kyne,F15S01,https://static.wikia.nocookie.net/logosrupaulsdragrace/images/9/9a/KyneCDR1CastMug.jpg
Q239,Petchra,F13S01,https://static.wikia.nocookie.net/logosrupaulsdragrace/images/9/9b/PetchraDRT1CastMug.png
Q243,Dusty Ray Bottoms,F10S10,https://static.wikia.nocookie.net/logosrupaulsdragrace/images/9/9c/DustyRayBottomsS10CastMug.jpg
Q331,Roem,F16S01,https://static.wikia.nocookie.net/logosrupaulsdragrace/images/9/9c/RoemDRH1CastMug.jpg
Q462,Jada Shada Hudson,F15S03,https://static.wikia.nocookie.net/logosrupaulsdragrace/images/9/9d/JadaShadaHudsonCDR3CastMug.jpg
Q228,Trinity the Tuck,F10S09,https://static.wikia.nocookie.net/logosrupaulsdragrace/images/9/9d/TrinityTaylorS9CastMug.jpg
Q362,Etcetera Etcetera,F17S01,https://static.wikia.nocookie.net/logosrupaulsdragrace/images/9/9e/EtceteraEtceteraDRDU1CastMug.jpg
Q326,Ma'Ma Queen,F16S01,https://static.wikia.nocookie.net/logosrupaulsdragrace/images/9/9e/Ma%27MaQueenDRH1CastMug.jpg
Q185,Tempest DuJour,F10S07,https://static.wikia.nocookie.net/logosrupaulsdragrace/images/9/9f/TempestDuJourS7CastMug.png
Q212,Laila McQueen,F10S08,https://static.wikia.nocookie.net/logosrupaulsdragrace/images/a/a0/LailaMcQueenS8CastMug.jpg
Q360,Coco Jumbo,F17S01,https://static.wikia.nocookie.net/logosrupaulsdragrace/images/a/a1/CocoJumboDRDU1CastMug.jpg
Q461,Irma Gerd,F15S03,https://static.wikia.nocookie.net/logosrupaulsdragrace/images/a/a1/IrmaGerdCDR3CastMug.jpg
Q314,Jimbo,F15S01,https://static.wikia.nocookie.net/logosrupaulsdragrace/images/a/a3/JimboCDR1CastMug.jpg
Q381,Love Masisi,F16S02,https://static.wikia.nocookie.net/logosrupaulsdragrace/images/a/a3/LoveMasisiDRH2CastMug.png
Q100,Akashia,F10S01,https://static.wikia.nocookie.net/logosrupaulsdragrace/images/a/a4/AkashiaS1CastMug.png
Q288,Baga Chipz,F14S01,https://static.wikia.nocookie.net/logosrupaulsdragrace/images/a/a4/BagaChipzDRUK1CastMug.jpg
Q423,DeJa Skye,F10S14,https://static.wikia.nocookie.net/logosrupaulsdragrace/images/a/a4/DeJaSkyeS14CastMug.jpg
Q449,La Big Bertha,F21S01,https://static.wikia.nocookie.net/logosrupaulsdragrace/images/a/a5/LaBigBerthaDRF1CastMug.jpg
Q138,Lashauwn Beyond,F10S04,https://static.wikia.nocookie.net/logosrupaulsdragrace/images/a/a5/LashauwnBeyondS4CastMug.jpg
Q198,Nery Lefferti,F12S01,https://static.wikia.nocookie.net/logosrupaulsdragrace/images/a/a5/NeryLeffertiTSDR1CastMug.jpg
Q368,Arantxa Castilla La Mancha,F18S01,https://static.wikia.nocookie.net/logosrupaulsdragrace/images/a/a6/ArantxaCastillaLaManchaDRE1CastMug.jpeg
Q319,Priyanka,F15S01,https://static.wikia.nocookie.net/logosrupaulsdragrace/images/a/a6/PriyankaCDR1CastMug.jpeg
Q400,Beth,F15S02,https://static.wikia.nocookie.net/logosrupaulsdragrace/images/a/a7/BethCDR2CastMug.jpg
Q336,Joey Jay,F10S13,https://static.wikia.nocookie.net/logosrupaulsdragrace/images/a/a7/JoeyJayS13CastMug.jpg
Q363,Jojo Zaho,F17S01,https://static.wikia.nocookie.net/logosrupaulsdragrace/images/a/a7/JojoZahoDRDU1CastMug.jpg
Q315,Juice Boxx,F15S01,https://static.wikia.nocookie.net/logosrupaulsdragrace/images/a/a7/JuiceBoxxCDR1CastMug.jpg
Q257,Pakita,F12S02,https://static.wikia.nocookie.net/logosrupaulsdragrace/images/a/a7/PakitaTSDR2CastMug.png
Q106,Shannel,F10S01,https://static.wikia.nocookie.net/logosrupaulsdragrace/images/a/a7/ShannelS1CastMug.png
Q260,Angele Anang,F13S02,https://static.wikia.nocookie.net/logosrupaulsdragrace/images/a/a9/AngeleAnangDRT2CastMug.png
Q240,Aquaria,F10S10,https://static.wikia.nocookie.net/logosrupaulsdragrace/images/a/a9/AquariaS10CastMug.jpg
Q305,Jan,F10S12,https://static.wikia.nocookie.net/logosrupaulsdragrace/images/a/a9/JanS12CastMug.png
Q454,Lova Ladiva,F21S01,https://static.wikia.nocookie.net/logosrupaulsdragrace/images/a/a9/LovaLadivaDRF1CastMug.jpg
Q210,Derrick Barry,F10S08,https://static.wikia.nocookie.net/logosrupaulsdragrace/images/a/aa/DerrickBarryS8CastMug.jpg
Q394,Krystal Versace,F14S03,https://static.wikia.nocookie.net/logosrupaulsdragrace/images/a/aa/KrystalVersaceDRUK3CastMug.jpg
Q168,Kelly Mantle,F10S06,https://static.wikia.nocookie.net/logosrupaulsdragrace/images/a/ab/KellyMantleS6CastMug.png
Q318,Lemon,F15S01,https://static.wikia.nocookie.net/logosrupaulsdragrace/images/a/ab/LemonCDR1CastMug.jpg
Q355,Tayce,F14S02,https://static.wikia.nocookie.net/logosrupaulsdragrace/images/a/ab/TayceDRUK2CastMug.jpg
Q214,Naysha Lopez,F10S08,https://static.wikia.nocookie.net/logosrupaulsdragrace/images/a/ac/NayshaLopezS8CastMug.jpg
Q405,Kimora Amour,F15S02,https://static.wikia.nocookie.net/logosrupaulsdragrace/images/a/ad/KimoraAmourCDR2CastMug.jpg
Q458,Chelazon Leroux,F15S03,https://static.wikia.nocookie.net/logosrupaulsdragrace/images/a/ae/ChelazonLerouxCDR3CastMug.jpg
Q105,Rebecca Glasscock,F10S01,https://static.wikia.nocookie.net/logosrupaulsdragrace/images/a/ae/RebeccaGlasscockS1CastMug.png
Q136,Jiggly Caliente,F10S04,https://static.wikia.nocookie.net/logosrupaulsdragrace/images/a/af/JigglyCalienteS4CastMug.jpg
Q196,Luna di Mauri,F12S01,https://static.wikia.nocookie.net/logosrupaulsdragrace/images/b/b0/LunadiMauriTSDR1CastMug.png
Q117,Sahara Davenport,F10S02,https://static.wikia.nocookie.net/logosrupaulsdragrace/images/b/b1/SaharaDavenportS2CastMug.png
Q271,Srimala,F13S02,https://static.wikia.nocookie.net/logosrupaulsdragrace/images/b/b1/SrimalaDRT2CastMug.png
Q392,Ella Vaday,F14S03,https://static.wikia.nocookie.net/logosrupaulsdragrace/images/b/b2/EllaVadayDRUK3CastMug.jpg
Q293,Gothy Kendoll,F14S01,https://static.wikia.nocookie.net/logosrupaulsdragrace/images/b/b3/GothyKendollDRUK1CastMug.jpg
Q153,Jinkx Monsoon,F10S05,https://static.wikia.nocookie.net/logosrupaulsdragrace/images/b/b4/JinkxMonsoonS5CastMug.jpg
Q432,Willow Pill,F10S14,https://static.wikia.nocookie.net/logosrupaulsdragrace/images/b/b4/WillowPillS14CastMug.jpg
Q301,Gigi Goode,F10S12,https://static.wikia.nocookie.net/logosrupaulsdragrace/images/b/b8/GigiGoodeS12CastMug.png
Q474,Minnie Cooper,F17S02,https://static.wikia.nocookie.net/logosrupaulsdragrace/images/b/ba/MinnieCooperDRDU2CastMug.png
Q472,Hannah Conda,F17S02,https://static.wikia.nocookie.net/logosrupaulsdragrace/images/b/bb/HannahCondaDRDU2CastMug.png
Q199,Paulette Palmery,F12S01,https://static.wikia.nocookie.net/logosrupaulsdragrace/images/b/bc/PaulettePalmeryTSDR1CastMug.png
Q335,Gottmik,F10S13,https://static.wikia.nocookie.net/logosrupaulsdragrace/images/b/bd/GottmikS13CastMug.jpg
Q379,Juicy Kutoure,F16S02,https://static.wikia.nocookie.net/logosrupaulsdragrace/images/b/be/JuicyKutoureDRH2CastMug.png
Q465,Lady Boom Boom,F15S03,https://static.wikia.nocookie.net/logosrupaulsdragrace/images/b/be/LadyBoomBoomCDR3CastMug.jpg
Q393,Kitty Scott-Claus,F14S03,https://static.wikia.nocookie.net/logosrupaulsdragrace/images/c/c0/KittyScottClausDRUK3CastMug.jpg
Q455,Paloma,F21S01,https://static.wikia.nocookie.net/logosrupaulsdragrace/images/c/c0/PalomaDRF1CastMug.jpg
Q183,Pearl,F10S07,https://static.wikia.nocookie.net/logosrupaulsdragrace/images/c/c0/PearlS7CastMug.png
Q429,Lady Camden,F10S14,https://static.wikia.nocookie.net/logosrupaulsdragrace/images/c/c1/LadyCamdenS14CastMug.jpg
Q104,Ongina,F10S01,https://static.wikia.nocookie.net/logosrupaulsdragrace/images/c/c3/OnginaS1CastMug.png
Q114,Nicole Paige Brooks,F10S02,https://static.wikia.nocookie.net/logosrupaulsdragrace/images/c/c5/NicolePaigeBrooksS2CastMug.png
Q200,Rubí,F12S01,https://static.wikia.nocookie.net/logosrupaulsdragrace/images/c/c5/Rub%C3%ADTSDR1CastMug.png
Q322,Tynomi Banks,F15S01,https://static.wikia.nocookie.net/logosrupaulsdragrace/images/c/c6/TynomiBanksCDR1CastMug.jpeg
Q187,Violet Chachki,F10S07,https://static.wikia.nocookie.net/logosrupaulsdragrace/images/c/c7/VioletChachkiS7CastMug.png
Q132,Yara Sofia,F10S03,https://static.wikia.nocookie.net/logosrupaulsdragrace/images/c/c8/YaraSofiaS3CastMug.jpeg
Q193,Francisca Thompson,F12S01,https://static.wikia.nocookie.net/logosrupaulsdragrace/images/c/c9/FranciscaThompsonTSDR1CastMug.png
Q154,Lineysha Sparx,F10S05,https://static.wikia.nocookie.net/logosrupaulsdragrace/images/c/c9/LineyshaSparxS5CastMug.jpg
Q444,Sharonne,F18S02,https://static.wikia.nocookie.net/logosrupaulsdragrace/images/c/ca/SharonneDRE2CastMug.jpg
Q438,Jota Carajota,F18S02,https://static.wikia.nocookie.net/logosrupaulsdragrace/images/c/cb/JotaCarajotaDRE2CastMug.jpg
Q453,Lolita Banana,F21S01,https://static.wikia.nocookie.net/logosrupaulsdragrace/images/c/cc/LolitaBananaDRF1CastMug.jpg
Q161,April Carrión,F10S06,https://static.wikia.nocookie.net/logosrupaulsdragrace/images/c/cd/AprilCarri%C3%B3nS6CastMug.png
Q224,Nina Bo'nina Brown,F10S09,https://static.wikia.nocookie.net/logosrupaulsdragrace/images/c/cd/NinaBo%27ninaBrownS9CastMug.jpg
Q330,Patty Pam-Pam,F16S01,https://static.wikia.nocookie.net/logosrupaulsdragrace/images/c/cf/PattyPam-PamDRH1CastMug.jpg
Q273,Vanda Miss Joaquim,F13S02,https://static.wikia.nocookie.net/logosrupaulsdragrace/images/d/d0/VandaMissJoaquimDRT2CastMug.png
Q160,Adore Delano,F10S06,https://static.wikia.nocookie.net/logosrupaulsdragrace/images/d/d2/AdoreDelanoS6CastMug.png
Q268,Miss Gimhuay,F13S02,https://static.wikia.nocookie.net/logosrupaulsdragrace/images/d/d3/MissGimhuayDRT2CastMug.png
Q190,Botota Fox,F12S01,https://static.wikia.nocookie.net/logosrupaulsdragrace/images/d/d4/BototaFoxTSDR1CastMug.png
Q434,Ariel Rec,F18S02,https://static.wikia.nocookie.net/logosrupaulsdragrace/images/d/d5/ArielRecDRE2CastMug.jpg
Q448,Kam Hugh,F21S01,https://static.wikia.nocookie.net/logosrupaulsdragrace/images/d/d5/KamHughDRF1CastMug.jpg
Q265,Katy Killer,F13S02,https://static.wikia.nocookie.net/logosrupaulsdragrace/images/d/d5/KatyKillerDRT2CastMug.png
Q284,Shuga Cain,F10S11,https://static.wikia.nocookie.net/logosrupaulsdragrace/images/d/d5/ShugaCainS11CastMug.jpg
Q120,Tyra Sanchez,F10S02,https://static.wikia.nocookie.net/logosrupaulsdragrace/images/d/d5/TyraSanchezS2CastMug.png
Q468,Vivian Vanderpuss,F15S03,https://static.wikia.nocookie.net/logosrupaulsdragrace/images/d/d5/VivianVanderpussCDR3CastMug.jpg
Q113,Mystique Summers Madison,F10S02,https://static.wikia.nocookie.net/logosrupaulsdragrace/images/d/d6/MystiqueSummersMadisonS2CastMug.png
Q409,Suki Doll,F15S02,https://static.wikia.nocookie.net/logosrupaulsdragrace/images/d/d6/SukiDollCDR2CastMug.jpg
Q299,Crystal Methyd,F10S12,https://static.wikia.nocookie.net/logosrupaulsdragrace/images/d/d8/CrystalMethydS12CastMug.png
Q332,Sederginne,F16S01,https://static.wikia.nocookie.net/logosrupaulsdragrace/images/d/d8/SederginneDRH1CastMug.jpg
Q234,Dearis Doll,F13S01,https://static.wikia.nocookie.net/logosrupaulsdragrace/images/d/d9/DearisDollDRT1CastMug.png
Q144,The Princess,F10S04,https://static.wikia.nocookie.net/logosrupaulsdragrace/images/d/d9/ThePrincessS4CastMug.jpg
Q158,Serena ChaCha,F10S05,https://static.wikia.nocookie.net/logosrupaulsdragrace/images/d/da/SerenaChaChaS5CastMug.jpg
Q311,Anastarzia Anaquway,F15S01,https://static.wikia.nocookie.net/logosrupaulsdragrace/images/d/dc/AnastarziaAnaquwayCDR1CastMug.jpg
Q167,Joslyn Fox,F10S06,https://static.wikia.nocookie.net/logosrupaulsdragrace/images/d/dc/JoslynFoxS6CastMug.png
Q247,Miz Cracker,F10S10,https://static.wikia.nocookie.net/logosrupaulsdragrace/images/d/dc/MizCrackerS10CastMug.jpg
Q345,Utica Queen,F10S13,https://static.wikia.nocookie.net/logosrupaulsdragrace/images/d/dc/UticaQueenS13CastMug.jpg
Q430,Maddy Morphosis,F10S14,https://static.wikia.nocookie.net/logosrupaulsdragrace/images/d/dd/MaddyMorphosisS14CastMug.jpg
Q307,Rock M. Sakura,F10S12,https://static.wikia.nocookie.net/logosrupaulsdragrace/images/d/dd/RockMSakuraS12CastMug.png
Q162,BenDeLaCreme,F10S06,https://static.wikia.nocookie.net/logosrupaulsdragrace/images/d/df/BenDeLaCremeS6CastMug.png
Q380,Keta Minaj,F16S02,https://static.wikia.nocookie.net/logosrupaulsdragrace/images/d/df/KetaMinajDRH2CastMug.png
Q310,Mariah Paris Balenciaga,F11S05,https://static.wikia.nocookie.net/logosrupaulsdragrace/images/d/df/MariahParisBalenciagaAS5CastMug.png
Q339,LaLa Ri,F10S13,https://static.wikia.nocookie.net/logosrupaulsdragrace/images/e/e0/LaLaRiS13CastMug.jpg
Q347,Asttina Mandella,F14S02,https://static.wikia.nocookie.net/logosrupaulsdragrace/images/e/e1/AsttinaMandellaDRUK2CastMug.jpg
Q177,Kandy Ho,F10S07,https://static.wikia.nocookie.net/logosrupaulsdragrace/images/e/e1/KandyHoS7CastMug.png
Q406,Océane Aqua-Black,F15S02,https://static.wikia.nocookie.net/logosrupaulsdragrace/images/e/e4/Oc%C3%A9aneAqua-BlackCDR2CastMug.jpg
Q337,Kahmora Hall,F10S13,https://static.wikia.nocookie.net/logosrupaulsdragrace/images/e/e5/KahmoraHallS13CastMug.jpg
Q163,Bianca Del Rio,F10S06,https://static.wikia.nocookie.net/logosrupaulsdragrace/images/e/e7/BiancaDelRioS6CastMug.png
Q303,Jackie Cox,F10S12,https://static.wikia.nocookie.net/logosrupaulsdragrace/images/e/e7/JackieCoxS12CastMug.png
Q242,Blair St. Clair,F10S10,https://static.wikia.nocookie.net/logosrupaulsdragrace/images/e/e8/BlairStClairS10CastMug.jpg
Q390,Choriza May,F14S03,https://static.wikia.nocookie.net/logosrupaulsdragrace/images/e/e8/ChorizaMayDRUK3CastMug.jpg
Q292,Divina De Campo,F14S01,https://static.wikia.nocookie.net/logosrupaulsdragrace/images/e/e8/DivinaDeCampoDRUK1CastMug.jpg
Q366,Maxi Shield,F17S01,https://static.wikia.nocookie.net/logosrupaulsdragrace/images/e/e9/MaxiShieldDRDU1CastMug.jpg
Q134,Chad Michaels,F10S04,https://static.wikia.nocookie.net/logosrupaulsdragrace/images/e/ea/ChadMichaelsS4CastMug.jpg
Q249,Monét X Change,F10S10,https://static.wikia.nocookie.net/logosrupaulsdragrace/images/e/ea/Mon%C3%A9tXChangeS10CastMug.jpg
Q308,Sherry Pie,F10S12,https://static.wikia.nocookie.net/logosrupaulsdragrace/images/e/ea/SherryPieS12CastMug.png
Q159,Vivienne Pinay,F10S05,https://static.wikia.nocookie.net/logosrupaulsdragrace/images/e/ea/ViviennePinayS5CastMug.jpg
Q419,Alyssa Hunter,F10S14,https://static.wikia.nocookie.net/logosrupaulsdragrace/images/e/ec/AlyssaHunterS14CastMug.jpg
Q367,Scarlet Adams,F17S01,https://static.wikia.nocookie.net/logosrupaulsdragrace/images/e/ec/ScarletAdamsDRDU1CastMug.jpg
Q217,Aja,F10S09,https://static.wikia.nocookie.net/logosrupaulsdragrace/images/e/ed/AjaS9CastMug.jpg
Q463,Kaos,F15S03,https://static.wikia.nocookie.net/logosrupaulsdragrace/images/e/ed/KaosCDR3CastMug.jpg
Q121,Alexis Mateo,F10S03,https://static.wikia.nocookie.net/logosrupaulsdragrace/images/e/ee/AlexisMateoS3CastMug.jpeg
Q440,Marina,F18S02,https://static.wikia.nocookie.net/logosrupaulsdragrace/images/e/ee/MarinaDRE2CastMug.jpg
Q215,Robbie Turner,F10S08,https://static.wikia.nocookie.net/logosrupaulsdragrace/images/f/f0/RobbieTurnerS8CastMug.jpg
Q250,The Vixen,F10S10,https://static.wikia.nocookie.net/logosrupaulsdragrace/images/f/f0/TheVixenS10CastMug.jpg
Q277,Honey Davenport,F10S11,https://static.wikia.nocookie.net/logosrupaulsdragrace/images/f/f1/HoneyDavenportS11CastMug.jpg
Q295,Sum Ting Wong,F14S01,https://static.wikia.nocookie.net/logosrupaulsdragrace/images/f/f1/SumTingWongDRUK1CastMug.jpg
Q369,Carmen Farala,F18S01,https://static.wikia.nocookie.net/logosrupaulsdragrace/images/f/f2/CarmenFaralaDRE1CastMug.jpeg
Q152,Jade Jolie,F10S05,https://static.wikia.nocookie.net/logosrupaulsdragrace/images/f/f2/JadeJolieS5CastMug.jpg
Q235,JAJA,F13S01,https://static.wikia.nocookie.net/logosrupaulsdragrace/images/f/f4/JAJADRT1CastMug.png
Q408,Stephanie Prince,F15S02,https://static.wikia.nocookie.net/logosrupaulsdragrace/images/f/f5/StephaniePrinceCDR2CastMug.jpg
Q164,Courtney Act,F10S06,https://static.wikia.nocookie.net/logosrupaulsdragrace/images/f/f6/CourtneyActS6CastMug.png
Q382,My Little Puny,F16S02,https://static.wikia.nocookie.net/logosrupaulsdragrace/images/f/f6/MyLittlePunyDRH2CastMug.png
Q416,Ivana Vamp,F19S01,https://static.wikia.nocookie.net/logosrupaulsdragrace/images/f/f7/IvanaVampDRI1CastMug.jpg
Q329,Miss Abby OMG,F16S01,https://static.wikia.nocookie.net/logosrupaulsdragrace/images/f/f7/MissAbbyOMGDRH1CastMug.jpg
Q156,Penny Tration,F10S05,https://static.wikia.nocookie.net/logosrupaulsdragrace/images/f/f8/PennyTrationS5CastMug.jpg
Q282,Ra'Jah O'Hara,F10S11,https://static.wikia.nocookie.net/logosrupaulsdragrace/images/f/f8/Ra%27JahO%27HaraS11CastMug.jpg
Q129,Raja,F10S03,https://static.wikia.nocookie.net/logosrupaulsdragrace/images/f/f8/RajaS3CastMug.jpeg
Q135,Dida Ritz,F10S04,https://static.wikia.nocookie.net/logosrupaulsdragrace/images/f/f9/DidaRitzS4CastMug.jpg
Q425,Jorgeous,F10S14,https://static.wikia.nocookie.net/logosrupaulsdragrace/images/f/fa/JorgeousS14CastMug.jpg
Q433,Pangina Heals,F20S01,https://static.wikia.nocookie.net/logosrupaulsdragrace/images/f/fa/PanginaHealsUKvsTWCastMug.jpeg
Q415,Farida Kant,F19S01,https://static.wikia.nocookie.net/logosrupaulsdragrace/images/f/fb/FaridaKantDRI1CastMug.jpg
Q320,Rita Baga,F15S01,https://static.wikia.nocookie.net/logosrupaulsdragrace/images/f/fc/RitaBagaCDR1CastMug.jpeg
Q143,Sharon Needles,F10S04,https://static.wikia.nocookie.net/logosrupaulsdragrace/images/f/fd/SharonNeedlesS4CastMug.jpg
Q248,Mo Heart,F10S10,https://static.wikia.nocookie.net/logosrupaulsdragrace/images/f/fe/MoniqueHeartS10CastMug.jpg
Q457,Bombae,F15S03,https://static.wikia.nocookie.net/logosrupaulsdragrace/images/e/ec/BombaeCDR3CastMug.jpg
Q296,Vinegar Strokes,F14S01,https://static.wikia.nocookie.net/logosrupaulsdragrace/images/5/56/VinegarStrokesDRUK1CastMug.jpg
Q428,"Kornbread ""The Snack"" Jeté",F10S14,https://static.wikia.nocookie.net/logosrupaulsdragrace/images/3/3c/KornbreadJet%C3%A9S14CastMug.jpg